,Date,Value
0,2011-01-03,14.47608295771224
1,2011-01-04,14.389125630366722
2,2011-01-05,14.309336146377825
3,2011-01-06,14.235576200489298
4,2011-01-07,14.18234269348861
5,2011-01-10,14.18234269348861
6,2011-01-11,14.2355762004893
7,2011-01-12,14.309336146377825
8,2011-01-13,14.389125630366722
9,2011-01-14,14.47608295771224
10,2011-01-18,14.572931581858732
11,2011-01-19,14.679586362879157
12,2011-01-20,14.785394886830463
13,2011-01-21,14.850986243556582
14,2011-01-24,14.83527148352837
15,2011-01-25,14.744303964519347
16,2011-01-26,14.601152103258439
17,2011-01-27,14.420548172215254
18,2011-01-28,14.219151646418519
19,2011-01-31,14.03036975377252
20,2011-02-01,13.88326689884683
21,2011-02-02,13.786365598775754
22,2011-02-03,13.76187144373119
23,2011-02-04,13.816306459324327
24,2011-02-07,13.922380242450025
25,2011-02-08,14.05411519741185
26,2011-02-09,14.193022877425827
27,2011-02-10,14.321157897221479
28,2011-02-11,14.419116753500344
29,2011-02-14,14.475896791631516
30,2011-02-15,14.504962396022123
31,2011-02-16,14.527806780881736
32,2011-02-17,14.56285527394824
33,2011-02-18,14.6189235058146
34,2011-02-22,14.686673317880746
35,2011-02-23,14.736223474456937
36,2011-02-24,14.730091622560902
37,2011-02-25,14.65321033114853
38,2011-02-28,14.525696223167888
39,2011-03-01,14.388498122354092
40,2011-03-02,14.280077433608048
41,2011-03-03,14.2155521673861
42,2011-03-04,14.183782264489636
43,2011-03-07,14.167399338841227
44,2011-03-08,14.1548327976397
45,2011-03-09,14.149363158987237
46,2011-03-10,14.170446517816767
47,2011-03-11,14.229273736335818
48,2011-03-14,14.30091841139518
49,2011-03-15,14.346138289680063
50,2011-03-16,14.338315524584107
51,2011-03-17,14.276171413079693
52,2011-03-18,14.177086097750543
53,2011-03-21,14.077284624718278
54,2011-03-22,14.02216545929073
55,2011-03-23,14.019582878858527
56,2011-03-24,14.0364318198322
57,2011-03-25,14.032334648130458
58,2011-03-28,13.974894994251656
59,2011-03-29,13.861875041315578
60,2011-03-30,13.721462772595999
61,2011-03-31,13.591024031690864
62,2011-04-01,13.496759172221426
63,2011-04-04,13.441183670569576
64,2011-04-05,13.414168785603938
65,2011-04-06,13.404179674692562
66,2011-04-07,13.409391588378572
67,2011-04-08,13.436204135362033
68,2011-04-11,13.485328908477717
69,2011-04-12,13.541578398986452
70,2011-04-13,13.580972400704558
71,2011-04-14,13.59183673850025
72,2011-04-15,13.568308016118985
73,2011-04-18,13.509177905174017
74,2011-04-19,13.415599078621296
75,2011-04-20,13.28170754123512
76,2011-04-21,13.106984631039294
77,2011-04-25,12.904038274954013
78,2011-04-26,12.703621525656184
79,2011-04-27,12.545441878824935
80,2011-04-28,12.444244608107033
81,2011-04-29,12.389672003789785
82,2011-05-02,12.36358748998905
83,2011-05-03,12.350641535021058
84,2011-05-04,12.346233719724573
85,2011-05-05,12.353206361720499
86,2011-05-06,12.375835452270604
87,2011-05-09,12.407691798312273
88,2011-05-10,12.430490103444921
89,2011-05-11,12.427323972471884
90,2011-05-12,12.398115169550534
91,2011-05-13,12.350811904574805
92,2011-05-16,12.298449629287589
93,2011-05-17,12.249412295874729
94,2011-05-18,12.193111387809742
95,2011-05-19,12.121057342777734
96,2011-05-20,12.039930184889997
97,2011-05-23,11.957275990555596
98,2011-05-24,11.875896390514228
99,2011-05-25,11.79305755691395
100,2011-05-26,11.703848996696301
101,2011-05-27,11.606860583916212
102,2011-05-31,11.518099854900127
103,2011-06-01,11.472340225132614
104,2011-06-02,11.487613775899696
105,2011-06-03,11.53649769478782
106,2011-06-06,11.569343739133059
107,2011-06-07,11.551806484573909
108,2011-06-08,11.47181565916045
109,2011-06-09,11.334306031758056
110,2011-06-10,11.16280763813278
111,2011-06-13,10.99181517375305
112,2011-06-14,10.851167443651663
113,2011-06-15,10.765862836723658
114,2011-06-16,10.742542647404898
115,2011-06-17,10.7546857623517
116,2011-06-20,10.765936110111477
117,2011-06-21,10.750233478433206
118,2011-06-22,10.707646685869273
119,2011-06-23,10.665901084522524
120,2011-06-24,10.650768720063942
121,2011-06-27,10.665950835957359
122,2011-06-28,10.684587304420312
123,2011-06-29,10.690419346793764
124,2011-06-30,10.70749299936719
125,2011-07-01,10.757453680887231
126,2011-07-05,10.837980233338826
127,2011-07-06,10.931409585521198
128,2011-07-07,11.004943031184405
129,2011-07-08,11.031712021813364
130,2011-07-11,11.00620971589502
131,2011-07-12,10.941148777651398
132,2011-07-13,10.850595054176802
133,2011-07-14,10.736887243788999
134,2011-07-15,10.607219235170056
135,2011-07-18,10.477292673607263
136,2011-07-19,10.354871715002371
137,2011-07-20,10.238489646605002
138,2011-07-21,10.122294388109347
139,2011-07-22,10.009704671055665
140,2011-07-25,9.927667364091784
141,2011-07-26,9.899751449620084
142,2011-07-27,9.923422057147299
143,2011-07-28,9.969926804266493
144,2011-07-29,9.99722945469488
145,2011-08-01,9.975917955261426
146,2011-08-02,9.917263946495767
147,2011-08-03,9.858850365097556
148,2011-08-04,9.816571747772372
149,2011-08-05,9.773037790958945
150,2011-08-08,9.69948784993131
151,2011-08-09,9.537534388616693
152,2011-08-10,9.220764243016532
153,2011-08-11,8.765082819818002
154,2011-08-12,8.260751878598688
155,2011-08-15,7.811438606822021
156,2011-08-16,7.501305627816098
157,2011-08-17,7.366808250561622
158,2011-08-18,7.372358008139021
159,2011-08-19,7.415797020315336
160,2011-08-22,7.411292134595734
161,2011-08-23,7.350033311086868
162,2011-08-24,7.235209073486366
163,2011-08-25,7.071156341132984
164,2011-08-26,6.936196914450443
165,2011-08-29,6.918435068491097
166,2011-08-30,7.04307855859944
167,2011-08-31,7.286118792171571
168,2011-09-01,7.5873843702916455
169,2011-09-02,7.873756892258831
170,2011-09-06,8.049972114563362
171,2011-09-07,8.050473766494084
172,2011-09-08,7.911680156782065
173,2011-09-09,7.697494555455687
174,2011-09-12,7.471223797919913
175,2011-09-13,7.2929911774439145
176,2011-09-14,7.182505816387954
177,2011-09-15,7.129336845215278
178,2011-09-16,7.101433430937159
179,2011-09-19,7.087676483661864
180,2011-09-20,7.10022194552359
181,2011-09-21,7.1321598530149295
182,2011-09-22,7.152429165907466
183,2011-09-23,7.117752066992092
184,2011-09-26,7.001982405386997
185,2011-09-27,6.823676857624006
186,2011-09-28,6.64391081793378
187,2011-09-29,6.522883357238746
188,2011-09-30,6.474332717373658
189,2011-10-03,6.472625467222901
190,2011-10-04,6.470729534254758
191,2011-10-05,6.406364046218094
192,2011-10-06,6.257656206556644
193,2011-10-07,6.0720922635572245
194,2011-10-10,5.924022018762451
195,2011-10-11,5.860373432116188
196,2011-10-12,5.884153470953529
197,2011-10-13,5.978516277204142
198,2011-10-14,6.10892661799159
199,2011-10-17,6.227101625831006
200,2011-10-18,6.301921308729784
201,2011-10-19,6.331130483494777
202,2011-10-20,6.33927459358686
203,2011-10-21,6.349057882495429
204,2011-10-24,6.370459875261394
205,2011-10-25,6.415822094825979
206,2011-10-26,6.478216338541622
207,2011-10-27,6.53572626366418
208,2011-10-28,6.585877695240316
209,2011-10-31,6.649395826253115
210,2011-11-01,6.741271323702448
211,2011-11-02,6.8320320534247045
212,2011-11-03,6.878950110670926
213,2011-11-04,6.875929002763644
214,2011-11-07,6.836340068131357
215,2011-11-08,6.776887754939216
216,2011-11-09,6.718891695799765
217,2011-11-10,6.667653039363193
218,2011-11-11,6.606594625904365
219,2011-11-14,6.519314908624436
220,2011-11-15,6.415718913612646
221,2011-11-16,6.32010495073188
222,2011-11-17,6.237439411175103
223,2011-11-18,6.165590172481267
224,2011-11-21,6.103602859655922
225,2011-11-22,6.042529234943812
226,2011-11-23,5.967534572773099
227,2011-11-25,5.866658647051328
228,2011-11-28,5.735632202020927
229,2011-11-29,5.593651967269766
230,2011-11-30,5.468679380996467
231,2011-12-01,5.379937961801634
232,2011-12-02,5.335157225539174
233,2011-12-05,5.334494526888205
234,2011-12-06,5.378519900531346
235,2011-12-07,5.457551310841226
236,2011-12-08,5.551505872816751
237,2011-12-09,5.645275721402917
238,2011-12-12,5.717080704904795
239,2011-12-13,5.748139658787486
240,2011-12-14,5.738476987997831
241,2011-12-15,5.693393815443204
242,2011-12-16,5.621767379524001
243,2011-12-19,5.533976880576638
244,2011-12-20,5.442765851296821
245,2011-12-21,5.360658674206477
246,2011-12-22,5.292800530784947
247,2011-12-23,5.24312828429146
248,2011-12-27,5.222926402443037
249,2011-12-28,5.2400878665629245
250,2011-12-29,5.291781649236129
251,2011-12-30,5.358238815556327
252,2012-01-03,5.409403121288188
253,2012-01-04,5.437711108133529
254,2012-01-05,5.459811475596202
255,2012-01-06,5.4957774385167335
256,2012-01-09,5.568292617178468
257,2012-01-10,5.686838106901507
258,2012-01-11,5.837797205177908
259,2012-01-12,6.003564398427003
260,2012-01-13,6.180661300976064
261,2012-01-17,6.3590084771614235
262,2012-01-18,6.506625523651698
263,2012-01-19,6.5978525371457275
264,2012-01-20,6.648492273374592
265,2012-01-23,6.692038973085299
266,2012-01-24,6.749968701135377
267,2012-01-25,6.835207889241513
268,2012-01-26,6.940885902542891
269,2012-01-27,7.0451095897237135
270,2012-01-30,7.129785702248104
271,2012-01-31,7.187007321484052
272,2012-02-01,7.220414038238128
273,2012-02-02,7.232830972398527
274,2012-02-03,7.2319655346480936
275,2012-02-06,7.2444776854229485
276,2012-02-07,7.295966875188035
277,2012-02-08,7.399513678295869
278,2012-02-09,7.539421172741109
279,2012-02-10,7.692077136594054
280,2012-02-13,7.838562172774704
281,2012-02-14,7.962844329843152
282,2012-02-15,8.058760729016086
283,2012-02-16,8.119903712704447
284,2012-02-17,8.13404068829355
285,2012-02-21,8.102355326352972
286,2012-02-22,8.048251930297251
287,2012-02-23,8.001725191570753
288,2012-02-24,7.978306673460545
289,2012-02-27,7.980115839820504
290,2012-02-28,7.9938285319038425
291,2012-02-29,7.997951292797278
292,2012-03-01,7.991854789953173
293,2012-03-02,7.992169027601472
294,2012-03-05,8.010444748298221
295,2012-03-06,8.041509897261243
296,2012-03-07,8.065109832427416
297,2012-03-08,8.058764054623126
298,2012-03-09,8.021802515145877
299,2012-03-12,7.98061820075531
300,2012-03-13,7.962020277811387
301,2012-03-14,7.971331563108619
302,2012-03-15,8.016672832473345
303,2012-03-16,8.114261291158698
304,2012-03-19,8.275363400278604
305,2012-03-20,8.510901297952577
306,2012-03-21,8.809965320511871
307,2012-03-22,9.129061767633349
308,2012-03-23,9.408044927580427
309,2012-03-26,9.594360664888427
310,2012-03-27,9.689212985779433
311,2012-03-28,9.730103880050784
312,2012-03-29,9.745990908291233
313,2012-03-30,9.751796106635496
314,2012-04-02,9.746102911354484
315,2012-04-03,9.724816515705324
316,2012-04-04,9.688018937271446
317,2012-04-05,9.637331134836183
318,2012-04-09,9.579833654890743
319,2012-04-10,9.508636626876543
320,2012-04-11,9.40844316576075
321,2012-04-12,9.280903497862061
322,2012-04-13,9.145662455947269
323,2012-04-16,9.034026900457988
324,2012-04-17,8.967038274247844
325,2012-04-18,8.940428065246557
326,2012-04-19,8.93623326359082
327,2012-04-20,8.944718885751332
328,2012-04-23,8.955675599961841
329,2012-04-24,8.932522613003378
330,2012-04-25,8.847620773214604
331,2012-04-26,8.710542323235755
332,2012-04-27,8.545915299218192
333,2012-04-30,8.393857527461853
334,2012-05-01,8.292244850104566
335,2012-05-02,8.249110474129903
336,2012-05-03,8.239925947015452
337,2012-05-04,8.228696465165424
338,2012-05-07,8.201959983388754
339,2012-05-08,8.155070057813703
340,2012-05-09,8.08475179572091
341,2012-05-10,7.9992125846621445
342,2012-05-11,7.913781863372349
343,2012-05-14,7.838019393405197
344,2012-05-15,7.76890258488839
345,2012-05-16,7.6976997629111485
346,2012-05-17,7.6156155189692605
347,2012-05-18,7.519985785304333
348,2012-05-21,7.416564184290784
349,2012-05-22,7.31371043715739
350,2012-05-23,7.21821880689762
351,2012-05-24,7.129019579680101
352,2012-05-25,7.05587613915182
353,2012-05-29,7.01949568185941
354,2012-05-30,7.026762953962217
355,2012-05-31,7.070118308176504
356,2012-06-01,7.1303150948993395
357,2012-06-04,7.1849054822229945
358,2012-06-05,7.213025132351773
359,2012-06-06,7.203076252187865
360,2012-06-07,7.168292403748415
361,2012-06-08,7.1480849413670065
362,2012-06-11,7.173485062629631
363,2012-06-12,7.251324213057086
364,2012-06-13,7.3563584656851075
365,2012-06-14,7.444120237520973
366,2012-06-15,7.488881906665879
367,2012-06-18,7.4962139537695665
368,2012-06-19,7.501158324081582
369,2012-06-20,7.540394084595885
370,2012-06-21,7.621297498167835
371,2012-06-22,7.734867477127827
372,2012-06-25,7.854218378625182
373,2012-06-26,7.94092128086847
374,2012-06-27,7.971823623759326
375,2012-06-28,7.943123832986862
376,2012-06-29,7.869810563328698
377,2012-07-02,7.789567266487959
378,2012-07-03,7.754237956892951
379,2012-07-05,7.786072524757367
380,2012-07-06,7.865496110838014
381,2012-07-09,7.945987314237678
382,2012-07-10,7.979745332194067
383,2012-07-11,7.948114956120482
384,2012-07-12,7.860957328757851
385,2012-07-13,7.751775855273091
386,2012-07-16,7.657880377732534
387,2012-07-17,7.604749139677674
388,2012-07-18,7.606584862513294
389,2012-07-19,7.654990023178877
390,2012-07-20,7.720036691710371
391,2012-07-23,7.756991524957075
392,2012-07-24,7.71918852581613
393,2012-07-25,7.597281273368423
394,2012-07-26,7.4288152294756795
395,2012-07-27,7.2728612813413305
396,2012-07-30,7.174577298325542
397,2012-07-31,7.144338213616534
398,2012-08-01,7.164059354293813
399,2012-08-02,7.2034569793391245
400,2012-08-03,7.236297983575237
401,2012-08-06,7.254234362839396
402,2012-08-07,7.265770276152437
403,2012-08-08,7.288643546537137
404,2012-08-09,7.337106775973054
405,2012-08-10,7.410319332773884
406,2012-08-13,7.496380001158659
407,2012-08-14,7.576335988670403
408,2012-08-15,7.635390703972381
409,2012-08-16,7.673466555042956
410,2012-08-17,7.7044614034885734
411,2012-08-20,7.742726933934152
412,2012-08-21,7.7908943782919815
413,2012-08-22,7.850861012188649
414,2012-08-23,7.923942201088513
415,2012-08-24,8.002457407611564
416,2012-08-27,8.074623753426984
417,2012-08-28,8.127989754026196
418,2012-08-29,8.15604135856352
419,2012-08-30,8.15553103302984
420,2012-08-31,8.128517218745296
421,2012-09-04,8.087639979638732
422,2012-09-05,8.04604736595661
423,2012-09-06,8.012802999140945
424,2012-09-07,7.994883917475793
425,2012-09-10,8.005093818939553
426,2012-09-11,8.064390488423829
427,2012-09-12,8.177002281374927
428,2012-09-13,8.335988197231535
429,2012-09-14,8.52180653959037
430,2012-09-17,8.713538298085096
431,2012-09-18,8.899195287063137
432,2012-09-19,9.058453896435784
433,2012-09-20,9.180743105129435
434,2012-09-21,9.259792754579475
435,2012-09-24,9.289288808282528
436,2012-09-25,9.278045438730642
437,2012-09-26,9.241201667006036
438,2012-09-27,9.195737152752807
439,2012-09-28,9.14498865477762
440,2012-10-01,9.082547687514023
441,2012-10-02,9.017094974616924
442,2012-10-03,8.965739135701405
443,2012-10-04,8.942372064421098
444,2012-10-05,8.949869003942673
445,2012-10-08,8.995639978932564
446,2012-10-09,9.072825476155648
447,2012-10-10,9.157267272102809
448,2012-10-11,9.228170556534819
449,2012-10-12,9.271855191070463
450,2012-10-15,9.28841674859166
451,2012-10-16,9.281283768879572
452,2012-10-17,9.27173044510993
453,2012-10-18,9.284243081292184
454,2012-10-19,9.314006678369227
455,2012-10-22,9.349174123433226
456,2012-10-23,9.383688202846384
457,2012-10-24,9.411537469401534
458,2012-10-25,9.427749410948856
459,2012-10-26,9.431756946569125
460,2012-10-31,9.42532421446942
461,2012-11-01,9.401063136740774
462,2012-11-02,9.35966776591524
463,2012-11-05,9.331165431429415
464,2012-11-06,9.35228824804548
465,2012-11-07,9.433168812759087
466,2012-11-08,9.550259494485005
467,2012-11-09,9.654751126157107
468,2012-11-12,9.696971060164618
469,2012-11-13,9.663922836250796
470,2012-11-14,9.582507912900311
471,2012-11-15,9.494720496856287
472,2012-11-16,9.420841246233644
473,2012-11-19,9.355146737567837
474,2012-11-20,9.297701988563448
475,2012-11-21,9.259009146725226
476,2012-11-23,9.25769292400983
477,2012-11-26,9.31308564020446
478,2012-11-27,9.421624180993255
479,2012-11-28,9.555917712557727
480,2012-11-29,9.672885045998017
481,2012-11-30,9.743530977307211
482,2012-12-03,9.773012231040902
483,2012-12-04,9.779508127036529
484,2012-12-05,9.783114768433244
485,2012-12-06,9.798261506001085
486,2012-12-07,9.843076222914213
487,2012-12-10,9.93324265231358
488,2012-12-11,10.064263759514697
489,2012-12-12,10.221364473078197
490,2012-12-13,10.37860658638025
491,2012-12-14,10.502967063581439
492,2012-12-17,10.57342919376878
493,2012-12-18,10.59549565470426
494,2012-12-19,10.61421078586995
495,2012-12-20,10.67696690304935
496,2012-12-21,10.791572660039876
497,2012-12-24,10.93403711998281
498,2012-12-26,11.069673504861818
499,2012-12-27,11.169589475056148
500,2012-12-28,11.233044497189487
501,2012-12-31,11.278178175032865
502,2013-01-02,11.322604601313154
503,2013-01-03,11.385308602098847
504,2013-01-04,11.473863266408431
505,2013-01-07,11.585305574211969
506,2013-01-08,11.714801443758617
507,2013-01-09,11.84776957802115
508,2013-01-10,11.958385795827864
509,2013-01-11,12.00866892229878
510,2013-01-14,11.98366929414242
511,2013-01-15,11.911201453575984
512,2013-01-16,11.813996031984301
513,2013-01-17,11.708941958384811
514,2013-01-18,11.626738707428965
515,2013-01-22,11.575435871431843
516,2013-01-23,11.530687802435262
517,2013-01-24,11.475479828903635
518,2013-01-25,11.418747585001512
519,2013-01-28,11.382617557640488
520,2013-01-29,11.384515289400825
521,2013-01-30,11.425372464832222
522,2013-01-31,11.484771804379617
523,2013-02-01,11.522961968455851
524,2013-02-04,11.516354441240614
525,2013-02-05,11.483897945896556
526,2013-02-06,11.458195928765624
527,2013-02-07,11.464012229628569
528,2013-02-08,11.513182571321002
529,2013-02-11,11.595697135435394
530,2013-02-12,11.686723823169496
531,2013-02-13,11.761606828377786
532,2013-02-14,11.821960597936096
533,2013-02-15,11.883996488118054
534,2013-02-19,11.952740747512529
535,2013-02-20,12.025661543679764
536,2013-02-21,12.09359368506938
537,2013-02-22,12.130209930737408
538,2013-02-25,12.105899502691218
539,2013-02-26,12.022419347499934
540,2013-02-27,11.895955103105553
541,2013-02-28,11.734990424296164
542,2013-03-01,11.563892151933516
543,2013-03-04,11.414888155350337
544,2013-03-05,11.308048492360331
545,2013-03-06,11.2556717889474
546,2013-03-07,11.267188550852776
547,2013-03-08,11.34812788317417
548,2013-03-11,11.49181144702872
549,2013-03-12,11.677279316162636
550,2013-03-13,11.867659532163684
551,2013-03-14,12.017282829456915
552,2013-03-15,12.100330409549748
553,2013-03-18,12.136172325347196
554,2013-03-19,12.15950796862294
555,2013-03-20,12.204909690823888
556,2013-03-21,12.298184583543245
557,2013-03-22,12.423762954668383
558,2013-03-25,12.54446119005852
559,2013-03-26,12.632657762645135
560,2013-03-27,12.67255967655739
561,2013-03-28,12.656674259421898
562,2013-04-01,12.585675758375432
563,2013-04-02,12.481867235130292
564,2013-04-03,12.375885258721901
565,2013-04-04,12.285605998281891
566,2013-04-05,12.21245987596756
567,2013-04-08,12.142581910868397
568,2013-04-09,12.066296828604031
569,2013-04-10,11.996423612529627
570,2013-04-11,11.96487686514442
571,2013-04-12,11.992656475003159
572,2013-04-15,12.068583708248257
573,2013-04-16,12.15583161551335
574,2013-04-17,12.214615733811646
575,2013-04-18,12.222369382635046
576,2013-04-19,12.176504346001904
577,2013-04-22,12.085483853348132
578,2013-04-23,11.9656423922721
579,2013-04-24,11.848099854900125
580,2013-04-25,11.773298466157968
581,2013-04-26,11.778058281494218
582,2013-04-29,11.870290204545096
583,2013-04-30,12.016975967602967
584,2013-05-01,12.168196116452863
585,2013-05-02,12.281007779030137
586,2013-05-03,12.33381919890371
587,2013-05-06,12.335452955600797
588,2013-05-07,12.315038917362669
589,2013-05-08,12.314622866902292
590,2013-05-09,12.366633355579799
591,2013-05-10,12.477148320105313
592,2013-05-13,12.625650654591137
593,2013-05-14,12.770729133137468
594,2013-05-15,12.881672861746996
595,2013-05-16,12.95752035807743
596,2013-05-17,13.01919101991494
597,2013-05-20,13.093977792844141
598,2013-05-21,13.187959312412616
599,2013-05-22,13.287054902283048
600,2013-05-23,13.37401110393101
601,2013-05-24,13.419318020801422
602,2013-05-28,13.40645515409795
603,2013-05-29,13.358078021706412
604,2013-05-30,13.30904050060631
605,2013-05-31,13.285147248718053
606,2013-06-03,13.3105757150819
607,2013-06-04,13.39188413161201
608,2013-06-05,13.498306003896742
609,2013-06-06,13.574326441534051
610,2013-06-07,13.583074883786606
611,2013-06-10,13.528516306477789
612,2013-06-11,13.440338484181549
613,2013-06-12,13.354601787562494
614,2013-06-13,13.299465641363119
615,2013-06-14,13.270314638765587
616,2013-06-17,13.245175623092923
617,2013-06-18,13.215015369666869
618,2013-06-19,13.183288220890331
619,2013-06-20,13.168478970946428
620,2013-06-21,13.176477229995363
621,2013-06-24,13.184044227330642
622,2013-06-25,13.156185255931717
623,2013-06-26,13.071102455220734
624,2013-06-27,12.948070914358578
625,2013-06-28,12.830361174626304
626,2013-07-01,12.757713844936038
627,2013-07-02,12.751903739153427
628,2013-07-03,12.799792482602125
629,2013-07-05,12.863375362872988
630,2013-07-08,12.906142527554607
631,2013-07-09,12.92653923892008
632,2013-07-10,12.953234389994543
633,2013-07-11,13.010909961388903
634,2013-07-12,13.108192147024832
635,2013-07-15,13.232575259654315
636,2013-07-16,13.366151404420986
637,2013-07-17,13.497369139931346
638,2013-07-18,13.622539266781393
639,2013-07-19,13.75198020547751
640,2013-07-22,13.90466999156754
641,2013-07-23,14.087668464046526
642,2013-07-24,14.289174579566977
643,2013-07-25,14.491066918481565
644,2013-07-26,14.664905268792943
645,2013-07-29,14.777439598862342
646,2013-07-30,14.81474648716527
647,2013-07-31,14.791603502770743
648,2013-08-01,14.737036048595547
649,2013-08-02,14.683595509604388
650,2013-08-05,14.662266172148065
651,2013-08-06,14.681208615940278
652,2013-08-07,14.719341781927273
653,2013-08-08,14.747124960096752
654,2013-08-09,14.74609912961369
655,2013-08-12,14.71388483115563
656,2013-08-13,14.657497023811684
657,2013-08-14,14.594741818899786
658,2013-08-15,14.544325098875607
659,2013-08-16,14.511120962807405
660,2013-08-19,14.487270439296259
661,2013-08-20,14.461837650767757
662,2013-08-21,14.430605943265428
663,2013-08-22,14.390772288374684
664,2013-08-23,14.347717814364072
665,2013-08-26,14.325227496782928
666,2013-08-27,14.341363373123453
667,2013-08-28,14.382596423284223
668,2013-08-29,14.41195660276525
669,2013-08-30,14.40166862387245
670,2013-09-03,14.34900777832397
671,2013-09-04,14.278094759774536
672,2013-09-05,14.223930212045143
673,2013-09-06,14.208998872183942
674,2013-09-09,14.235608168917725
675,2013-09-10,14.285068501725206
676,2013-09-11,14.337876139857986
677,2013-09-12,14.388818098948967
678,2013-09-13,14.440053132058335
679,2013-09-16,14.486844143568247
680,2013-09-17,14.52133443258191
681,2013-09-18,14.54376249853463
682,2013-09-19,14.555071827332245
683,2013-09-20,14.561668436185208
684,2013-09-23,14.57528288376721
685,2013-09-24,14.590324670603168
686,2013-09-25,14.584418490955057
687,2013-09-26,14.536672405613244
688,2013-09-27,14.448631289047256
689,2013-09-30,14.338354953096994
690,2013-10-01,14.219490130600068
691,2013-10-02,14.108142498987124
692,2013-10-03,14.013001099248575
693,2013-10-04,13.937771402556159
694,2013-10-07,13.895038516245377
695,2013-10-08,13.8902403980938
696,2013-10-09,13.911064906259318
697,2013-10-10,13.928011774907146
698,2013-10-11,13.921973499246969
699,2013-10-14,13.911112542074777
700,2013-10-15,13.920267112983051
701,2013-10-16,13.96568978538386
702,2013-10-17,14.047702687400898
703,2013-10-18,14.145607712783974
704,2013-10-21,14.244788086313994
705,2013-10-22,14.337048949906418
706,2013-10-23,14.41899286479085
707,2013-10-24,14.484771189832275
708,2013-10-25,14.511404034261858
709,2013-10-28,14.48564974232363
710,2013-10-29,14.419299082823809
711,2013-10-30,14.339239056847694
712,2013-10-31,14.274612220517367
713,2013-11-01,14.234862139298539
714,2013-11-04,14.210773601759476
715,2013-11-05,14.187882791072068
716,2013-11-06,14.15298511503436
717,2013-11-07,14.107072497602218
718,2013-11-08,14.064349345408859
719,2013-11-11,14.029729160292616
720,2013-11-12,14.008493185642093
721,2013-11-13,14.014477229289195
722,2013-11-14,14.051640006793878
723,2013-11-15,14.123388691043965
724,2013-11-18,14.232024460669468
725,2013-11-19,14.370647086280396
726,2013-11-20,14.525863723248348
727,2013-11-21,14.68327572069675
728,2013-11-22,14.837075367075508
729,2013-11-25,14.987824321184444
730,2013-11-26,15.136991793403588
731,2013-11-27,15.290686246346766
732,2013-11-29,15.44899865875389
733,2013-12-02,15.596081832014683
734,2013-12-03,15.712764482895563
735,2013-12-04,15.783961996317165
736,2013-12-05,15.797156313977835
737,2013-12-06,15.759951050799744
738,2013-12-09,15.69755348147706
739,2013-12-10,15.635520813505018
740,2013-12-11,15.593260648750041
741,2013-12-12,15.573910148369972
742,2013-12-13,15.563128070861408
743,2013-12-16,15.536325099581772
744,2013-12-17,15.480567482036511
745,2013-12-18,15.407127641882802
746,2013-12-19,15.337891266821158
747,2013-12-20,15.297976208894331
748,2013-12-23,15.310738278450362
749,2013-12-24,15.378784331728347
750,2013-12-26,15.479893037045871
751,2013-12-27,15.583651297705961
752,2013-12-30,15.66412517423297
753,2013-12-31,15.70471604555169
754,2014-01-02,15.706707140117828
755,2014-01-03,15.689183000299604
756,2014-01-06,15.686858328990265
757,2014-01-07,15.739553481930983
758,2014-01-08,15.87278225484438
759,2014-01-09,16.07619554796274
760,2014-01-10,16.3034847370753
761,2014-01-13,16.500548758928435
762,2014-01-14,16.633148181552208
763,2014-01-15,16.693567992732806
764,2014-01-16,16.71800487077414
765,2014-01-17,16.756372874881606
766,2014-01-21,16.826852377517753
767,2014-01-22,16.919340942547418
768,2014-01-23,17.009278587047802
769,2014-01-24,17.07563848773089
770,2014-01-27,17.095688529359123
771,2014-01-28,17.04704954368544
772,2014-01-29,16.939222771112064
773,2014-01-30,16.802645333247852
774,2014-01-31,16.676268019767846
775,2014-02-03,16.599467855166033
776,2014-02-04,16.58764433912646
777,2014-02-05,16.62293427051968
778,2014-02-06,16.653731738715685
779,2014-02-07,16.640151105431688
780,2014-02-10,16.594525764144592
781,2014-02-11,16.556660735058358
782,2014-02-12,16.55571128733559
783,2014-02-13,16.598360570953055
784,2014-02-14,16.664392639478578
785,2014-02-18,16.720310873991863
786,2014-02-19,16.74462964823488
787,2014-02-20,16.733248580786498
788,2014-02-21,16.687333737702055
789,2014-02-24,16.60861291132684
790,2014-02-25,16.509485119038274
791,2014-02-26,16.419696516930447
792,2014-02-27,16.362023844030777
793,2014-02-28,16.34031717988003
794,2014-03-03,16.34835642489538
795,2014-03-04,16.36548308477857
796,2014-03-05,16.375884860470872
797,2014-03-06,16.39211141496489
798,2014-03-07,16.450761794258497
799,2014-03-10,16.58600115669426
800,2014-03-11,16.786799627930606
801,2014-03-12,17.009111864455846
802,2014-03-13,17.20246530154334
803,2014-03-14,17.322139025996936
804,2014-03-17,17.354508348971905
805,2014-03-18,17.31770100969922
806,2014-03-19,17.25103532189678
807,2014-03-20,17.18804440537262
808,2014-03-21,17.148844187759213
809,2014-03-24,17.168933653372765
810,2014-03-25,17.26152847380511
811,2014-03-26,17.394220455482
812,2014-03-27,17.514019791131126
813,2014-03-28,17.571109855031118
814,2014-03-31,17.5468360669743
815,2014-04-01,17.4556758355857
816,2014-04-02,17.343663456299137
817,2014-04-03,17.26399061811798
818,2014-04-04,17.23028154320012
819,2014-04-07,17.226335052246938
820,2014-04-08,17.22254370137117
821,2014-04-09,17.173630521773983
822,2014-04-10,17.05725112613467
823,2014-04-11,16.89666662683992
824,2014-04-14,16.72126501290154
825,2014-04-15,16.547611040936285
826,2014-04-16,16.392231578315084
827,2014-04-17,16.26882166398112
828,2014-04-21,16.181056491688416
829,2014-04-22,16.128150285339075
830,2014-04-23,16.113542444142766
831,2014-04-24,16.130290730554155
832,2014-04-25,16.15912058200452
833,2014-04-28,16.187841917690847
834,2014-04-29,16.190538101738163
835,2014-04-30,16.1199363261411
836,2014-05-01,15.957341747225216
837,2014-05-02,15.728403755463919
838,2014-05-05,15.489034735664672
839,2014-05-06,15.299767889968047
840,2014-05-07,15.189894563860717
841,2014-05-08,15.136999758002464
842,2014-05-09,15.092527465425263
843,2014-05-12,15.034914815223123
844,2014-05-13,14.97474251773724
845,2014-05-14,14.92794818062029
846,2014-05-15,14.90680922137642
847,2014-05-16,14.907959312412615
848,2014-05-19,14.906684905806824
849,2014-05-20,14.873168088178819
850,2014-05-21,14.802035750875383
851,2014-05-22,14.714353825987104
852,2014-05-23,14.634772771663584
853,2014-05-27,14.588831669823646
854,2014-05-28,14.594907465171593
855,2014-05-29,14.656396040389335
856,2014-05-30,14.759603343650989
857,2014-06-02,14.879893037045871
858,2014-06-03,14.99581361907689
859,2014-06-04,15.08639824029882
860,2014-06-05,15.139155670863012
861,2014-06-06,15.163193703113324
862,2014-06-09,15.184697563707829
863,2014-06-10,15.228438740198964
864,2014-06-11,15.302804768659488
865,2014-06-12,15.401073624712108
866,2014-06-13,15.503779181586298
867,2014-06-16,15.582360664182257
868,2014-06-17,15.610446948207704
869,2014-06-18,15.579575260360482
870,2014-06-19,15.515368683091427
871,2014-06-20,15.462427422131734
872,2014-06-23,15.451762096711176
873,2014-06-24,15.481084513800734
874,2014-06-25,15.525236561336545
875,2014-06-26,15.557060240112335
876,2014-06-27,15.558025588485524
877,2014-06-30,15.529240612936187
878,2014-07-01,15.487293530858304
879,2014-07-02,15.44635288515212
880,2014-07-03,15.42219590090431
881,2014-07-07,15.44068313416978
882,2014-07-08,15.518119462441542
883,2014-07-09,15.638547715375337
884,2014-07-10,15.756796051619036
885,2014-07-11,15.819094464172876
886,2014-07-14,15.79369332724562
887,2014-07-15,15.700796534907933
888,2014-07-16,15.601548170802923
889,2014-07-17,15.548886412986937
890,2014-07-18,15.548215937424333
891,2014-07-21,15.565017084168955
892,2014-07-22,15.5623139406343
893,2014-07-23,15.530193461115793
894,2014-07-24,15.487844384859612
895,2014-07-25,15.464440537578824
896,2014-07-28,15.474572148183492
897,2014-07-29,15.508559461715004
898,2014-07-30,15.542700917882353
899,2014-07-31,15.556862140004705
900,2014-08-01,15.548316194147914
901,2014-08-04,15.519242169024679
902,2014-08-05,15.463487877086456
903,2014-08-06,15.38036645743913
904,2014-08-07,15.284595938582994
905,2014-08-08,15.206171225392453
906,2014-08-11,15.164631371925031
907,2014-08-12,15.15939713963791
908,2014-08-13,15.179660202433654
909,2014-08-14,15.204501420805984
910,2014-08-15,15.219437855792775
911,2014-08-18,15.226578855120202
912,2014-08-19,15.23662039925246
913,2014-08-20,15.261760728309921
914,2014-08-21,15.299334674579438
915,2014-08-22,15.346838106901506
916,2014-08-25,15.42129618478304
917,2014-08-26,15.539599319206495
918,2014-08-27,15.703061393671206
919,2014-08-28,15.892385848978074
920,2014-08-29,16.06759646008463
921,2014-09-02,16.186482653479793
922,2014-09-03,16.229549342018153
923,2014-09-04,16.215117809080617
924,2014-09-05,16.182954457899378
925,2014-09-08,16.155907370515607
926,2014-09-09,16.14169311795469
927,2014-09-10,16.142543572439898
928,2014-09-11,16.15026225230809
929,2014-09-12,16.16149742608906
930,2014-09-15,16.191528181977553
931,2014-09-16,16.25827677363586
932,2014-09-17,16.358065558787306
933,2014-09-18,16.47045724233008
934,2014-09-19,16.58029536954599
935,2014-09-22,16.682716594758293
936,2014-09-23,16.77658797378617
937,2014-09-24,16.862957476168145
938,2014-09-25,16.945343506419487
939,2014-09-26,17.020030108280245
940,2014-09-29,17.06896738090984
941,2014-09-30,17.078355328219224
942,2014-10-01,17.059658239066145
943,2014-10-02,17.03618197590083
944,2014-10-03,17.01631188897048
945,2014-10-06,17.00232679806493
946,2014-10-07,17.00960888166876
947,2014-10-08,17.044628921440218
948,2014-10-09,17.085281685963075
949,2014-10-10,17.108646035630585
950,2014-10-13,17.097030841474886
951,2014-10-14,17.03013587067302
952,2014-10-15,16.909107751742194
953,2014-10-16,16.759642736980744
954,2014-10-17,16.596307634128863
955,2014-10-20,16.42742163897404
956,2014-10-21,16.277418755669068
957,2014-10-22,16.179314113916615
958,2014-10-23,16.155616410216194
959,2014-10-24,16.207275963373302
960,2014-10-27,16.31557963133257
961,2014-10-28,16.43816931799982
962,2014-10-29,16.53224120719627
963,2014-10-30,16.594070388376668
964,2014-10-31,16.643337040224324
965,2014-11-03,16.700660400762885
966,2014-11-04,16.78392971294926
967,2014-11-05,16.890055499569474
968,2014-11-06,17.004993534381803
969,2014-11-07,17.112655899218367
970,2014-11-10,17.197499559951638
971,2014-11-11,17.25543843356686
972,2014-11-12,17.294195686089076
973,2014-11-13,17.31851207476497
974,2014-11-14,17.32740776782693
975,2014-11-17,17.31957985442803
976,2014-11-18,17.294271941726326
977,2014-11-19,17.252667907972032
978,2014-11-20,17.202796915710817
979,2014-11-21,17.153956823063194
980,2014-11-24,17.114443191530707
981,2014-11-25,17.09182691047461
982,2014-11-26,17.090971449545297
983,2014-11-28,17.10759797728137
984,2014-12-01,17.126908089865413
985,2014-12-02,17.133627582156258
986,2014-12-03,17.11577405998458
987,2014-12-04,17.075202645320445
988,2014-12-05,17.03687604421272
989,2014-12-08,17.032765058680347
990,2014-12-09,17.084549511567964
991,2014-12-10,17.179696659693406
992,2014-12-11,17.28174453819241
993,2014-12-12,17.3619202057487
994,2014-12-15,17.40662403338501
995,2014-12-16,17.420413685975575
996,2014-12-17,17.398656434159523
997,2014-12-18,17.332556368692334
998,2014-12-19,17.244983975645045
999,2014-12-22,17.17405586818183
1000,2014-12-23,17.160758614625543
1001,2014-12-24,17.232630098435727
1002,2014-12-26,17.378916456035498
1003,2014-12-29,17.55924331574281
1004,2014-12-30,17.72094773727418
1005,2014-12-31,17.839576722540755
1006,2015-01-02,17.9277295390313
1007,2015-01-05,17.99198944404676
1008,2015-01-06,18.023604516589273
1009,2015-01-07,18.009601393180173
1010,2015-01-08,17.93261680796927
1011,2015-01-09,17.789680111151615
1012,2015-01-12,17.609980132012897
1013,2015-01-13,17.436268339552615
1014,2015-01-14,17.293417127784263
1015,2015-01-15,17.159624953322467
1016,2015-01-16,16.978177301527918
1017,2015-01-20,16.703220358011624
1018,2015-01-21,16.34747153049036
1019,2015-01-22,15.981467896742982
1020,2015-01-23,15.686263785963677
1021,2015-01-26,15.523303101871216
1022,2015-01-27,15.50021004829709
1023,2015-01-28,15.56098281263886
1024,2015-01-29,15.636892797139689
1025,2015-01-30,15.677863641755755
1026,2015-02-02,15.659265669957094
1027,2015-02-03,15.583302313972817
1028,2015-02-04,15.48603757354414
1029,2015-02-05,15.42805983758271
1030,2015-02-06,15.441176618238204
1031,2015-02-09,15.532767808250357
1032,2015-02-10,15.695850031283154
1033,2015-02-11,15.896747178203563
1034,2015-02-12,16.089808030338126
1035,2015-02-13,16.241886405467177
1036,2015-02-17,16.35045010505673
1037,2015-02-18,16.426049313544286
1038,2015-02-19,16.47646209780545
1039,2015-02-20,16.503834815075535
1040,2015-02-23,16.497179095066222
1041,2015-02-24,16.45467016138359
1042,2015-02-25,16.387880022726762
1043,2015-02-26,16.321561813784182
1044,2015-02-27,16.28804634065372
1045,2015-03-02,16.278580507532986
1046,2015-03-03,16.253921778989064
1047,2015-03-04,16.19311447280443
1048,2015-03-05,16.104594883681735
1049,2015-03-06,16.017564684065686
1050,2015-03-09,15.95870896417177
1051,2015-03-10,15.948288326126562
1052,2015-03-11,15.983640108344904
1053,2015-03-12,16.026646917678733
1054,2015-03-13,16.051206499846835
1055,2015-03-16,16.06038436205872
1056,2015-03-17,16.059504253478867
1057,2015-03-18,16.053917048449485
1058,2015-03-19,16.051436074673816
1059,2015-03-20,16.05452196044824
1060,2015-03-23,16.04483402129898
1061,2015-03-24,16.00532945026661
1062,2015-03-25,15.943834873817503
1063,2015-03-26,15.873267325959185
1064,2015-03-27,15.797791653918567
1065,2015-03-30,15.718410255791166
1066,2015-03-31,15.638992864790852
1067,2015-04-01,15.566545489016871
1068,2015-04-02,15.507672245787319
1069,2015-04-06,15.468864579793223
1070,2015-04-07,15.45008448593942
1071,2015-04-08,15.443742489875925
1072,2015-04-09,15.444487662244072
1073,2015-04-10,15.455090736036212
1074,2015-04-13,15.482288193029015
1075,2015-04-14,15.528171226098621
1076,2015-04-15,15.590506999926639
1077,2015-04-16,15.657284653991924
1078,2015-04-17,15.709995762125452
1079,2015-04-20,15.737753593806938
1080,2015-04-21,15.7382279264677
1081,2015-04-22,15.71587592572177
1082,2015-04-23,15.681416291751738
1083,2015-04-24,15.64967331717458
1084,2015-04-27,15.63446009010378
1085,2015-04-28,15.634576628761739
1086,2015-04-29,15.640350230521216
1087,2015-04-30,15.64492015305241
1088,2015-05-01,15.652646844282863
1089,2015-05-04,15.677331590969931
1090,2015-05-05,15.731339556728896
1091,2015-05-06,15.82605282539908
1092,2015-05-07,15.956406575376302
1093,2015-05-08,16.091561136096498
1094,2015-05-11,16.199730211392623
1095,2015-05-12,16.270852611289357
1096,2015-05-13,16.316620831482503
1097,2015-05-14,16.349412993524947
1098,2015-05-15,16.379100542362266
1099,2015-05-18,16.415447902250108
1100,2015-05-19,16.448466406247476
1101,2015-05-20,16.46582568480916
1102,2015-05-21,16.479679286832276
1103,2015-05-22,16.507980316127707
1104,2015-05-26,16.554643069409963
1105,2015-05-27,16.611870833237347
1106,2015-05-28,16.66302414903572
1107,2015-05-29,16.69222617703846
1108,2015-06-01,16.694391282227535
1109,2015-06-02,16.6791643891866
1110,2015-06-03,16.658869368767775
1111,2015-06-04,16.638323349446367
1112,2015-06-05,16.628439821095284
1113,2015-06-08,16.646321130153744
1114,2015-06-09,16.705956218587882
1115,2015-06-10,16.806216079481118
1116,2015-06-11,16.930342281433052
1117,2015-06-12,17.062626771893697
1118,2015-06-15,17.188743182820776
1119,2015-06-16,17.293351973859906
1120,2015-06-17,17.36909760209268
1121,2015-06-18,17.419790337692227
1122,2015-06-19,17.448485348026338
1123,2015-06-22,17.450074338650378
1124,2015-06-23,17.432132300977095
1125,2015-06-24,17.415532195527803
1126,2015-06-25,17.410121001081894
1127,2015-06-26,17.419210501520553
1128,2015-06-29,17.44556625928135
1129,2015-06-30,17.47217701125877
1130,2015-07-01,17.464755438881447
1131,2015-07-02,17.41091719060217
1132,2015-07-06,17.330134841528576
1133,2015-07-07,17.242010781279976
1134,2015-07-08,17.15554538630576
1135,2015-07-09,17.06518551635025
1136,2015-07-10,16.95732217577104
1137,2015-07-13,16.83771431396649
1138,2015-07-14,16.740491900797632
1139,2015-07-15,16.703087914711492
1140,2015-07-16,16.74638348053567
1141,2015-07-17,16.876895061571418
1142,2015-07-20,17.083725256007376
1143,2015-07-21,17.33326386557314
1144,2015-07-22,17.585174509449693
1145,2015-07-23,17.804509671070694
1146,2015-07-24,17.968964731870695
1147,2015-07-27,18.0743755404339
1148,2015-07-28,18.1218496539568
1149,2015-07-29,18.11490851836295
1150,2015-07-30,18.064598512696595
1151,2015-07-31,18.00173894305283
1152,2015-08-03,17.958861986084536
1153,2015-08-04,17.947711826681267
1154,2015-08-05,17.962067895127667
1155,2015-08-06,17.977016310129834
1156,2015-08-07,17.966586173000948
1157,2015-08-10,17.935397910202926
1158,2015-08-11,17.906883177555613
1159,2015-08-12,17.89386440813807
1160,2015-08-13,17.884756560777753
1161,2015-08-14,17.85652643151743
1162,2015-08-17,17.801327159471523
1163,2015-08-18,17.731469665326543
1164,2015-08-19,17.66950294684592
1165,2015-08-20,17.62960468303084
1166,2015-08-21,17.60210909749572
1167,2015-08-24,17.537493557785286
1168,2015-08-25,17.349014614611274
1169,2015-08-26,17.014384647223334
1170,2015-08-27,16.607776416209308
1171,2015-08-28,16.24302094989331
1172,2015-08-31,16.02840318427833
1173,2015-09-01,15.996757996229649
1174,2015-09-02,16.08516733791421
1175,2015-09-03,16.175058162026687
1176,2015-09-04,16.182777401948417
1177,2015-09-08,16.118750446948045
1178,2015-09-09,16.026713577649613
1179,2015-09-10,15.958050287873943
1180,2015-09-11,15.946188699098444
1181,2015-09-14,15.972763549607489
1182,2015-09-15,16.005323973857067
1183,2015-09-16,16.02161594676063
1184,2015-09-17,16.03013323748946
1185,2015-09-18,16.04898633964178
1186,2015-09-21,16.074812666180577
1187,2015-09-22,16.085129767140437
1188,2015-09-23,16.04469590793084
1189,2015-09-24,15.942536193496165
1190,2015-09-25,15.807735845048667
1191,2015-09-28,15.689332110353071
1192,2015-09-29,15.633889065751587
1193,2015-09-30,15.638754533935758
1194,2015-10-01,15.660319733891173
1195,2015-10-02,15.665098487205036
1196,2015-10-05,15.631358465685105
1197,2015-10-06,15.558510111397462
1198,2015-10-07,15.481679781407589
1199,2015-10-08,15.445135660791971
1200,2015-10-09,15.468056754679372
1201,2015-10-12,15.534519016125156
1202,2015-10-13,15.614983718065622
1203,2015-10-14,15.67180053219728
1204,2015-10-15,15.682283499020723
1205,2015-10-16,15.667002682492214
1206,2015-10-19,15.673920419632672
1207,2015-10-20,15.729954122122825
1208,2015-10-21,15.827081541135264
1209,2015-10-22,15.943771134788664
1210,2015-10-23,16.045958644233995
1211,2015-10-26,16.110264782272317
1212,2015-10-27,16.152351327128628
1213,2015-10-28,16.196717121913444
1214,2015-10-29,16.25561667275323
1215,2015-10-30,16.340742768646713
1216,2015-11-02,16.465553814104233
1217,2015-11-03,16.62155985263722
1218,2015-11-04,16.77449656719686
1219,2015-11-05,16.906093020188507
1220,2015-11-06,17.007803668956996
1221,2015-11-09,17.085586798019488
1222,2015-11-10,17.17973227535274
1223,2015-11-11,17.319234483677665
1224,2015-11-12,17.491068811704643
1225,2015-11-13,17.646805993731096
1226,2015-11-16,17.72995173444748
1227,2015-11-17,17.71069943737697
1228,2015-11-18,17.606375886084532
1229,2015-11-19,17.481392266772417
1230,2015-11-20,17.403068124992696
1231,2015-11-23,17.400773553839727
1232,2015-11-24,17.4696033444259
1233,2015-11-25,17.558114978980154
1234,2015-11-27,17.60409683049678
1235,2015-11-30,17.59279219570746
1236,2015-12-01,17.54716730693766
1237,2015-12-02,17.498188755595983
1238,2015-12-03,17.480991803277668
1239,2015-12-04,17.512721314761656
1240,2015-12-07,17.566313045903836
1241,2015-12-08,17.61149186971203
1242,2015-12-09,17.63491660498733
1243,2015-12-10,17.61860789105105
1244,2015-12-11,17.551740314463547
1245,2015-12-14,17.444286006722397
1246,2015-12-15,17.31351027806413
1247,2015-12-16,17.17849257109475
1248,2015-12-17,17.079273592385626
1249,2015-12-18,17.070857323199714
1250,2015-12-21,17.150942962585233
1251,2015-12-22,17.255802563321595
1252,2015-12-23,17.32415344776298
1253,2015-12-24,17.322713672359896
1254,2015-12-28,17.261515172295063
1255,2015-12-29,17.190249406013674
1256,2015-12-30,17.16019898428872
1257,2015-12-31,17.179705945800947
1258,2016-01-04,17.207408941727355
1259,2016-01-05,17.19057301371476
1260,2016-01-06,17.10588180533995
1261,2016-01-07,16.958649844553676
1262,2016-01-08,16.758239962403653
1263,2016-01-11,16.525380046184996
1264,2016-01-12,16.282204357976426
1265,2016-01-13,16.047095653798838
1266,2016-01-14,15.840640870431745
1267,2016-01-15,15.66248088871064
1268,2016-01-19,15.490958668137706
1269,2016-01-20,15.305730446522261
1270,2016-01-21,15.083507429611409
1271,2016-01-22,14.812332234790922
1272,2016-01-25,14.506012230334733
1273,2016-01-26,14.203637752574096
1274,2016-01-27,13.937773870912158
1275,2016-01-28,13.709604657035781
1276,2016-01-29,13.529971243614854
1277,2016-02-01,13.426516816921838
1278,2016-02-02,13.411515716967093
1279,2016-02-03,13.474050532443895
1280,2016-02-04,13.573422700968287
1281,2016-02-05,13.633240559332057
1282,2016-02-08,13.600039506167196
1283,2016-02-09,13.473237744875231
1284,2016-02-10,13.27031517918945
1285,2016-02-11,13.024353285563244
1286,2016-02-12,12.762837009065265
1287,2016-02-16,12.484136276751649
1288,2016-02-17,12.216497665514176
1289,2016-02-18,12.03134247794006
1290,2016-02-19,11.992171278996583
1291,2016-02-22,12.084039028807927
1292,2016-02-23,12.221327884764955
1293,2016-02-24,12.338239161657155
1294,2016-02-25,12.380588674940071
1295,2016-02-26,12.334279530298858
1296,2016-02-29,12.264911945749837
1297,2016-03-01,12.239517217332962
1298,2016-03-02,12.280115894836968
1299,2016-03-03,12.382268640504064
1300,2016-03-04,12.541068901430164
1301,2016-03-07,12.75473849329275
1302,2016-03-08,12.991146150881809
1303,2016-03-09,13.202582153572095
1304,2016-03-10,13.3543210486883
1305,2016-03-11,13.421373780335518
1306,2016-03-14,13.410838321743892
1307,2016-03-15,13.37495534369075
1308,2016-03-16,13.366648026409216
1309,2016-03-17,13.40124128320616
1310,2016-03-18,13.45189056939604
1311,2016-03-21,13.486838051885044
1312,2016-03-22,13.506108304200234
1313,2016-03-23,13.524080116806433
1314,2016-03-24,13.559379143201449
1315,2016-03-28,13.608746058186666
1316,2016-03-29,13.648561632350841
1317,2016-03-30,13.661235518516765
1318,2016-03-31,13.64109741511161
1319,2016-04-01,13.604068929997645
1320,2016-04-04,13.569035806598013
1321,2016-04-05,13.540172753619634
1322,2016-04-06,13.514608225346521
1323,2016-04-07,13.479868790512622
1324,2016-04-08,13.430633515405718
1325,2016-04-11,13.364984873036827
1326,2016-04-12,13.279327111097855
1327,2016-04-13,13.184885929698039
1328,2016-04-14,13.114673530604632
1329,2016-04-15,13.109341594240037
1330,2016-04-18,13.196600202906518
1331,2016-04-19,13.368893763038471
1332,2016-04-20,13.587456252640358
1333,2016-04-21,13.81422765660885
1334,2016-04-22,14.029142769552138
1335,2016-04-25,14.231721409829959
1336,2016-04-26,14.430375175891918
1337,2016-04-27,14.62287452875303
1338,2016-04-28,14.791413153831936
1339,2016-04-29,14.908080276632354
1340,2016-05-02,14.958058498455104
1341,2016-05-03,14.949156528114052
1342,2016-05-04,14.892558363172599
1343,2016-05-05,14.79161130895603
1344,2016-05-06,14.652997317507781
1345,2016-05-09,14.491924847766876
1346,2016-05-10,14.328392016651009
1347,2016-05-11,14.190046936978009
1348,2016-05-12,14.099770759441338
1349,2016-05-13,14.071210142755126
1350,2016-05-16,14.095373163669674
1351,2016-05-17,14.131839206856249
1352,2016-05-18,14.140409800363582
1353,2016-05-19,14.108496297819084
1354,2016-05-20,14.067668221342828
1355,2016-05-23,14.071602913966219
1356,2016-05-24,14.144974252394713
1357,2016-05-25,14.274506972065327
1358,2016-05-26,14.42246692829893
1359,2016-05-27,14.554975297332994
1360,2016-05-31,14.65604120014993
1361,2016-06-01,14.732444506300688
1362,2016-06-02,14.793146766135319
1363,2016-06-03,14.833920125191097
1364,2016-06-06,14.840105436139279
1365,2016-06-07,14.80152990591995
1366,2016-06-08,14.732084243941886
1367,2016-06-09,14.65022551383433
1368,2016-06-10,14.564621954634788
1369,2016-06-13,14.477895533969352
1370,2016-06-14,14.374217223653979
1371,2016-06-15,14.238931256983424
1372,2016-06-16,14.06749232980339
1373,2016-06-17,13.867332448220976
1374,2016-06-20,13.672579953662611
1375,2016-06-21,13.526010887676295
1376,2016-06-22,13.456434100500962
1377,2016-06-23,13.458712504396098
1378,2016-06-24,13.50942425564445
1379,2016-06-27,13.565864367069338
1380,2016-06-28,13.565750697884669
1381,2016-06-29,13.467544336164167
1382,2016-06-30,13.291981919979595
1383,2016-07-01,13.116791894503766
1384,2016-07-05,13.0093903850267
1385,2016-07-06,12.987797874741709
1386,2016-07-07,13.016106479665225
1387,2016-07-08,13.027780412093316
1388,2016-07-11,12.998120963513571
1389,2016-07-12,12.960502415951266
1390,2016-07-13,12.967880190045294
1391,2016-07-14,13.049815871884336
1392,2016-07-15,13.188506944204011
1393,2016-07-18,13.343753621668252
1394,2016-07-19,13.481906851330415
1395,2016-07-20,13.602011103224843
1396,2016-07-21,13.726373349944575
1397,2016-07-22,13.865170126850046
1398,2016-07-25,14.00856641064925
1399,2016-07-26,14.138076252187863
1400,2016-07-27,14.23781206369456
1401,2016-07-28,14.304258153238894
1402,2016-07-29,14.348695607914381
1403,2016-08-01,14.389584192243323
1404,2016-08-02,14.438465856205504
1405,2016-08-03,14.482606400105345
1406,2016-08-04,14.491213898753102
1407,2016-08-05,14.457661301682231
1408,2016-08-08,14.414804982795712
1409,2016-08-09,14.413891964246277
1410,2016-08-10,14.489143037998655
1411,2016-08-11,14.63472181024108
1412,2016-08-12,14.80486610872657
1413,2016-08-15,14.93348095742586
1414,2016-08-16,14.98482139740086
1415,2016-08-17,14.975157012109122
1416,2016-08-18,14.949042270124856
1417,2016-08-19,14.945731413806229
1418,2016-08-22,14.977431604989816
1419,2016-08-23,15.032949280575032
1420,2016-08-24,15.091246164901692
1421,2016-08-25,15.141681337496085
1422,2016-08-26,15.191589744208828
1423,2016-08-29,15.251152316688492
1424,2016-08-30,15.330971756883569
1425,2016-08-31,15.433212155683538
1426,2016-09-01,15.55630527835806
1427,2016-09-02,15.697763989961405
1428,2016-09-06,15.837149496097085
1429,2016-09-07,15.949014188021586
1430,2016-09-08,16.01064967768906
1431,2016-09-09,16.011412577794903
1432,2016-09-12,15.967842709120085
1433,2016-09-13,15.903966206105299
1434,2016-09-14,15.841093224000446
1435,2016-09-15,15.79018626195109
1436,2016-09-16,15.747770464293593
1437,2016-09-19,15.7131565552692
1438,2016-09-20,15.682264645333218
1439,2016-09-21,15.657071798764767
1440,2016-09-22,15.648326225985498
1441,2016-09-23,15.652841460369864
1442,2016-09-26,15.659666452530447
1443,2016-09-27,15.655469638652466
1444,2016-09-28,15.61803934704744
1445,2016-09-29,15.540454268985593
1446,2016-09-30,15.444460090103778
1447,2016-10-03,15.360156368288132
1448,2016-10-04,15.315551924682401
1449,2016-10-05,15.327358464272773
1450,2016-10-06,15.396810292057515
1451,2016-10-07,15.515065632251916
1452,2016-10-10,15.663964461394578
1453,2016-10-11,15.825825486254828
1454,2016-10-12,15.979761688978241
1455,2016-10-13,16.095596659120034
1456,2016-10-14,16.159162322077094
1457,2016-10-17,16.176848733705345
1458,2016-10-18,16.167155139173296
1459,2016-10-19,16.152813848402825
1460,2016-10-20,16.14989353300637
1461,2016-10-21,16.169898689150074
1462,2016-10-24,16.21646621287958
1463,2016-10-25,16.286783037470723
1464,2016-10-26,16.376801631899774
1465,2016-10-27,16.474815465792553
1466,2016-10-28,16.57005611050036
1467,2016-10-31,16.659031659636227
1468,2016-11-01,16.733123193488495
1469,2016-11-02,16.77715873034371
1470,2016-11-03,16.777552167823142
1471,2016-11-04,16.734899238018798
1472,2016-11-07,16.663958760435644
1473,2016-11-08,16.5961049966043
1474,2016-11-09,16.5716659251362
1475,2016-11-10,16.625212464250644
1476,2016-11-11,16.784199566191205
1477,2016-11-14,17.059239199358398
1478,2016-11-15,17.446673510290225
1479,2016-11-16,17.925867239425767
1480,2016-11-17,18.444947653478295
1481,2016-11-18,18.930779011824544
1482,2016-11-21,19.32318359235557
1483,2016-11-22,19.606998879713974
1484,2016-11-23,19.804095164849432
1485,2016-11-25,19.947805054325325
1486,2016-11-28,20.078504701853763
1487,2016-11-29,20.219262342258705
1488,2016-11-30,20.352306723727615
1489,2016-12-01,20.456457021325967
1490,2016-12-02,20.55186704128133
1491,2016-12-05,20.67421814208321
1492,2016-12-06,20.83904705713726
1493,2016-12-07,21.050593022896134
1494,2016-12-08,21.3016339253259
1495,2016-12-09,21.57712550595602
1496,2016-12-12,21.86384024380358
1497,2016-12-13,22.15499698173123
1498,2016-12-14,22.435237283937784
1499,2016-12-15,22.649339127183598
1500,2016-12-16,22.756910495855983
1501,2016-12-19,22.78820226884018
1502,2016-12-20,22.785761839909096
1503,2016-12-21,22.775426369673692
1504,2016-12-22,22.771650008436822
1505,2016-12-23,22.76528175361783
1506,2016-12-27,22.737465504451166
1507,2016-12-28,22.686139657177204
1508,2016-12-29,22.641039111761444
1509,2016-12-30,22.616508250543113
1510,2017-01-03,22.57957378030902
1511,2017-01-04,22.517883379624347
1512,2017-01-05,22.4626422281507
1513,2017-01-06,22.444637362351052
1514,2017-01-09,22.479572128350156
1515,2017-01-10,22.555779298013043
1516,2017-01-11,22.634481308276083
1517,2017-01-12,22.684051652231968
1518,2017-01-13,22.707290876906416
1519,2017-01-17,22.741935830511473
1520,2017-01-18,22.8047894568066
1521,2017-01-19,22.85760352447033
1522,2017-01-20,22.86240826272324
1523,2017-01-23,22.811496492149118
1524,2017-01-24,22.72843044540214
1525,2017-01-25,22.655457058965464
1526,2017-01-26,22.63711941611192
1527,2017-01-27,22.702274026000847
1528,2017-01-30,22.83655128691036
1529,2017-01-31,22.99635777391349
1530,2017-02-01,23.132653418937245
1531,2017-02-02,23.20012046884936
1532,2017-02-03,23.17550873498838
1533,2017-02-06,23.086191282905894
1534,2017-02-07,23.001775405301064
1535,2017-02-08,22.97475776042099
1536,2017-02-09,22.999063786017317
1537,2017-02-10,23.02822708904999
1538,2017-02-13,23.03092519384055
1539,2017-02-14,23.016033701302916
1540,2017-02-15,23.012096433647812
1541,2017-02-16,23.073725683771595
1542,2017-02-17,23.24980970161183
1543,2017-02-21,23.523464426182016
1544,2017-02-22,23.830071721498904
1545,2017-02-23,24.109090873906574
1546,2017-02-24,24.331606464965017
1547,2017-02-27,24.470446385779688
1548,2017-02-28,24.51159624163894
1549,2017-03-01,24.490651164209247
1550,2017-03-02,24.472261194551287
1551,2017-03-03,24.521440488119975
1552,2017-03-06,24.671326762553807
1553,2017-03-07,24.89753782115587
1554,2017-03-08,25.129320277092397
1555,2017-03-09,25.295133453133904
1556,2017-03-10,25.370421395638623
1557,2017-03-13,25.38884292755178
1558,2017-03-14,25.400007321965116
1559,2017-03-15,25.415327448259593
1560,2017-03-16,25.415417144001143
1561,2017-03-17,25.39113616789896
1562,2017-03-20,25.349426698005384
1563,2017-03-21,25.29030876242599
1564,2017-03-22,25.19621291857244
1565,2017-03-23,25.012386422415084
1566,2017-03-24,24.68758980780636
1567,2017-03-27,24.252142182845958
1568,2017-03-28,23.77955912270717
1569,2017-03-29,23.353453642077376
1570,2017-03-30,23.066365552664234
1571,2017-03-31,22.959824191236734
1572,2017-04-03,23.01635423462416
1573,2017-04-04,23.167912548262997
1574,2017-04-05,23.335784820250982
1575,2017-04-06,23.4746954280333
1576,2017-04-07,23.537843045732004
1577,2017-04-10,23.5143966197737
1578,2017-04-11,23.437942671279046
1579,2017-04-12,23.329697591794243
1580,2017-04-13,23.209636284006997
1581,2017-04-17,23.087925482648775
1582,2017-04-18,22.954967665938256
1583,2017-04-19,22.83710211458246
1584,2017-04-20,22.765044071827344
1585,2017-04-21,22.744955505130676
1586,2017-04-24,22.78077708912044
1587,2017-04-25,22.858606989336643
1588,2017-04-26,22.97504148506229
1589,2017-04-27,23.134868348793674
1590,2017-04-28,23.3272507189174
1591,2017-05-01,23.528458154143664
1592,2017-05-02,23.68645540760699
1593,2017-05-03,23.755908376531252
1594,2017-05-04,23.73291389092144
1595,2017-05-05,23.663584636295596
1596,2017-05-08,23.62429216997681
1597,2017-05-09,23.646419404580595
1598,2017-05-10,23.714153824120196
1599,2017-05-11,23.7968415693789
1600,2017-05-12,23.869829458791095
1601,2017-05-15,23.923141055275156
1602,2017-05-16,23.95392702094798
1603,2017-05-17,23.9776765034952
1604,2017-05-18,23.985616411655673
1605,2017-05-19,23.922561403635175
1606,2017-05-22,23.760566557714675
1607,2017-05-23,23.531759358721423
1608,2017-05-24,23.29848975754204
1609,2017-05-25,23.12987484977279
1610,2017-05-26,23.074397228305394
1611,2017-05-30,23.123182131871197
1612,2017-05-31,23.207391302388018
1613,2017-06-01,23.24784986242552
1614,2017-06-02,23.206910331549796
1615,2017-06-05,23.083712547610478
1616,2017-06-06,22.899768986896447
1617,2017-06-07,22.70007668800721
1618,2017-06-08,22.526863573040536
1619,2017-06-09,22.411007488123566
1620,2017-06-12,22.385922733485383
1621,2017-06-13,22.481023386682637
1622,2017-06-14,22.70016163624211
1623,2017-06-15,22.999029172351005
1624,2017-06-16,23.298870896738983
1625,2017-06-19,23.521775604711756
1626,2017-06-20,23.629211160654304
1627,2017-06-21,23.649412386787485
1628,2017-06-22,23.637654608962375
1629,2017-06-23,23.619715596354574
1630,2017-06-26,23.582933290199087
1631,2017-06-27,23.499027182053442
1632,2017-06-28,23.368525230236752
1633,2017-06-29,23.240273147275314
1634,2017-06-30,23.20027664801077
1635,2017-07-03,23.320020540563245
1636,2017-07-05,23.584027597333286
1637,2017-07-06,23.916856794826455
1638,2017-07-07,24.24283839113813
1639,2017-07-10,24.502764194615715
1640,2017-07-11,24.669114105058313
1641,2017-07-12,24.75737337074005
1642,2017-07-13,24.79565126357387
1643,2017-07-14,24.785273451884365
1644,2017-07-17,24.716278643828463
1645,2017-07-18,24.60379353604945
1646,2017-07-19,24.471076766685407
1647,2017-07-20,24.3349965794407
1648,2017-07-21,24.21373502201246
1649,2017-07-24,24.11776054064983
1650,2017-07-25,24.0394706888212
1651,2017-07-26,23.981444653229914
1652,2017-07-27,23.97265311514797
1653,2017-07-28,24.025008225518626
1654,2017-07-31,24.111152963535815
1655,2017-08-01,24.191819077359277
1656,2017-08-02,24.240959851656235
1657,2017-08-03,24.252738590817422
1658,2017-08-04,24.251018311802707
1659,2017-08-07,24.279495778381648
1660,2017-08-08,24.3690376726388
1661,2017-08-09,24.5047812374497
1662,2017-08-10,24.63932751457562
1663,2017-08-11,24.732336535460934
1664,2017-08-14,24.7527659752536
1665,2017-08-15,24.688197163230242
1666,2017-08-16,24.5753412776178
1667,2017-08-17,24.474803386105553
1668,2017-08-18,24.4175093991135
1669,2017-08-21,24.376717956448008
1670,2017-08-22,24.29820970099915
1671,2017-08-23,24.15711119537311
1672,2017-08-24,23.96823375258753
1673,2017-08-25,23.7911007345738
1674,2017-08-28,23.696116993379373
1675,2017-08-29,23.69523262379618
1676,2017-08-30,23.73089239220799
1677,2017-08-31,23.74325884195702
1678,2017-09-01,23.729924983801858
1679,2017-09-05,23.71766602903455
1680,2017-09-06,23.726515362865438
1681,2017-09-07,23.755191714456917
1682,2017-09-08,23.77286035675037
1683,2017-09-11,23.732001392219342
1684,2017-09-12,23.61066098670115
1685,2017-09-13,23.45573751497834
1686,2017-09-14,23.35089926785914
1687,2017-09-15,23.359238507740706
1688,2017-09-18,23.49400987445488
1689,2017-09-19,23.71554787739223
1690,2017-09-20,23.966983560228993
1691,2017-09-21,24.201114016247637
1692,2017-09-22,24.402489101001702
1693,2017-09-25,24.57852386623387
1694,2017-09-26,24.73185361920213
1695,2017-09-27,24.85286191429523
1696,2017-09-28,24.932758539232925
1697,2017-09-29,24.994207594182665
1698,2017-10-02,25.070064706043677
1699,2017-10-03,25.170326795410606
1700,2017-10-04,25.29045204124194
1701,2017-10-05,25.41790428790611
1702,2017-10-06,25.533859511849933
1703,2017-10-09,25.637870727178903
1704,2017-10-10,25.752496373828965
1705,2017-10-11,25.87479223446302
1706,2017-10-12,25.969890495931423
1707,2017-10-13,26.014089700289272
1708,2017-10-16,25.996586698105894
1709,2017-10-17,25.926611167097185
1710,2017-10-18,25.853282350890257
1711,2017-10-19,25.838986284373068
1712,2017-10-20,25.903929714122494
1713,2017-10-23,26.036701334752326
1714,2017-10-24,26.231585113647863
1715,2017-10-25,26.470438862647512
1716,2017-10-26,26.730923218892784
1717,2017-10-27,27.003713275057006
1718,2017-10-30,27.268267213059993
1719,2017-10-31,27.481121994326323
1720,2017-11-01,27.609747708733195
1721,2017-11-02,27.665185346548196
1722,2017-11-03,27.671145511114318
1723,2017-11-06,27.650314535829377
1724,2017-11-07,27.63583504722286
1725,2017-11-08,27.640720999780573
1726,2017-11-09,27.639810521553795
1727,2017-11-10,27.58361906463227
1728,2017-11-13,27.4399503469878
1729,2017-11-14,27.212600633324605
1730,2017-11-15,26.93620306258959
1731,2017-11-16,26.664701476502117
1732,2017-11-17,26.464306039807475
1733,2017-11-20,26.37549412763716
1734,2017-11-21,26.38185283274739
1735,2017-11-22,26.450252574572158
1736,2017-11-24,26.55180776115829
1737,2017-11-27,26.649657541415927
1738,2017-11-28,26.70815496381978
1739,2017-11-29,26.716045398658647
1740,2017-11-30,26.731765047656904
1741,2017-12-01,26.8451800697539
1742,2017-12-04,27.092905305109
1743,2017-12-05,27.459108351161568
1744,2017-12-06,27.887076981636845
1745,2017-12-07,28.28729890757935
1746,2017-12-08,28.57986544741584
1747,2017-12-11,28.7492784046013
1748,2017-12-12,28.843903327462886
1749,2017-12-13,28.915905842513524
1750,2017-12-14,28.983325293884658
1751,2017-12-15,29.053607885824306
1752,2017-12-18,29.116483290296685
1753,2017-12-19,29.14903019823086
1754,2017-12-20,29.163574341269108
1755,2017-12-21,29.198541786902418
1756,2017-12-22,29.275003793795115
1757,2017-12-26,29.39669540719752
1758,2017-12-27,29.542288977521615
1759,2017-12-28,29.66367587875978
1760,2017-12-29,29.730572845860856
